12012.jpg,49
13564.jpg,32
13315.jpg,33
11659.jpg,32
1835.jpg,72
1885.jpg,0
1040.jpg,3
11564.jpg,64
13922.jpg,17
1848.jpg,120
12381.jpg,80
11901.jpg,48
13245.jpg,24
11884.jpg,42
12830.jpg,32
1929.jpg,48
13008.jpg,32
1604.jpg,56
13483.jpg,72
12704.jpg,17
11799.jpg,37
12049.jpg,33
11736.jpg,8
1314.jpg,80
12560.jpg,41
12721.jpg,16
1253.jpg,16
12430.jpg,72
13481.jpg,168
12689.jpg,32
12387.jpg,65
1935.jpg,96
12967.jpg,16
13465.jpg,64
11712.jpg,24
13829.jpg,13
1517.jpg,32
13787.jpg,16
12425.jpg,96
12812.jpg,21
13360.jpg,48
1331.jpg,32
12843.jpg,26
13966.jpg,32
115.jpg,24
13913.jpg,16
11493.jpg,8
1591.jpg,80
13517.jpg,120
13254.jpg,40
1335.jpg,80
12978.jpg,24
11966.jpg,64
13811.jpg,9
13616.jpg,144
1593.jpg,96
13873.jpg,48
1565.jpg,40
11643.jpg,12
1337.jpg,33
12616.jpg,16
11616.jpg,32
13791.jpg,40
13323.jpg,48
11781.jpg,17
12461.jpg,120
13016.jpg,48
11706.jpg,32
1248.jpg,17
13259.jpg,32
13248.jpg,32
11469.jpg,13
13407.jpg,72
1532.jpg,49
1580.jpg,96
13764.jpg,0
11651.jpg,16
1821.jpg,13
13072.jpg,16
13911.jpg,13
13096.jpg,81
12470.jpg,144
12394.jpg,40
11707.jpg,48
13658.jpg,24
11490.jpg,13
13271.jpg,16
12846.jpg,48
13643.jpg,48
13477.jpg,32
12395.jpg,48
12549.jpg,33
12136.jpg,80
13971.jpg,32
1844.jpg,88
13310.jpg,81
12242.jpg,13
13613.jpg,96
12809.jpg,24
11714.jpg,32
12011.jpg,49
12671.jpg,49
1160.jpg,16
13630.jpg,33
1026.jpg,25
12015.jpg,32
13340.jpg,34
13775.jpg,33
13769.jpg,32
1585.jpg,65
12783.jpg,161
1574.jpg,160
12330.jpg,25
11553.jpg,33
13885.jpg,65
1562.jpg,16
13777.jpg,8
12374.jpg,27
12676.jpg,24
12459.jpg,144
13499.jpg,40
12605.jpg,16
12169.jpg,24
12420.jpg,48
13336.jpg,24
1880.jpg,0
12829.jpg,50
13324.jpg,104
13560.jpg,48
12434.jpg,48
13555.jpg,32
1320.jpg,33
13236.jpg,64
12001.jpg,48
11604.jpg,24
13321.jpg,24
1889.jpg,0
1917.jpg,48
13884.jpg,27
13051.jpg,42
13316.jpg,64
12422.jpg,32
12905.jpg,24
11815.jpg,96
12017.jpg,72
1819.jpg,32
12129.jpg,24
12058.jpg,72
12214.jpg,16
12813.jpg,24
1828.jpg,56
11806.jpg,32
11788.jpg,32
0.jpg,0
13258.jpg,56
12884.jpg,64
12672.jpg,32
11629.jpg,16
13512.jpg,96
12065.jpg,96
13501.jpg,145
12467.jpg,121
12128.jpg,48
13620.jpg,80
13877.jpg,48
12899.jpg,20
1855.jpg,119
13086.jpg,80
121.jpg,32
11999.jpg,24
1513.jpg,16
13081.jpg,48
1571.jpg,0
12457.jpg,81
13834.jpg,49
1572.jpg,0
12610.jpg,16
12723.jpg,32
12534.jpg,32
12210.jpg,16
11803.jpg,17
12714.jpg,32
12389.jpg,24
13926.jpg,48
1816.jpg,32
11639.jpg,32
13556.jpg,24
13707.jpg,49
12027.jpg,53
12462.jpg,192
13612.jpg,144
13776.jpg,40
1583.jpg,50
13553.jpg,56
12494.jpg,48
13551.jpg,24
13709.jpg,25
11802.jpg,24
11546.jpg,96
12712.jpg,19
11470.jpg,13
13937.jpg,96
1222.jpg,13
13474.jpg,48
11729.jpg,8
13240.jpg,24
1832.jpg,40
13915.jpg,32
12476.jpg,240
132.jpg,35
1412.jpg,2
12889.jpg,33
13748.jpg,32
12173.jpg,24
12567.jpg,24
13247.jpg,40
12037.jpg,35
13427.jpg,50
12159.jpg,16
1579.jpg,80
1333.jpg,32
119.jpg,48
12984.jpg,24
1315.jpg,33
13094.jpg,35
11661.jpg,32
12622.jpg,13
13010.jpg,32
13467.jpg,48
12134.jpg,16
13669.jpg,26
11645.jpg,17
12167.jpg,128
13277.jpg,16
13953.jpg,66
11468.jpg,13
11603.jpg,17
13866.jpg,48
13463.jpg,288
13629.jpg,16
12013.jpg,32
12073.jpg,96
13169.jpg,0
12427.jpg,72
1249.jpg,24
13314.jpg,48
11699.jpg,24
12707.jpg,25
13823.jpg,26
12820.jpg,32
12703.jpg,72
12500.jpg,56
13923.jpg,48
13021.jpg,33
11890.jpg,32
12697.jpg,56
1818.jpg,65
12912.jpg,19
13097.jpg,96
1326.jpg,32
128.jpg,32
12081.jpg,13
13567.jpg,24
1607.jpg,32
1856.jpg,48
12971.jpg,32
12364.jpg,16
13941.jpg,37
11776.jpg,16
11644.jpg,16
11782.jpg,25
11462.jpg,13
13912.jpg,48
11728.jpg,18
1617.jpg,24
12706.jpg,64
13235.jpg,64
12417.jpg,16
13660.jpg,50
13920.jpg,16
12069.jpg,121
13946.jpg,48
11817.jpg,33
12002.jpg,32
1849.jpg,87
1611.jpg,40
12961.jpg,17
11969.jpg,87
11492.jpg,4
12370.jpg,48
11650.jpg,16
13243.jpg,24
11964.jpg,128
13281.jpg,32
13782.jpg,16
13708.jpg,24
13770.jpg,16
11695.jpg,33
1041.jpg,39
11620.jpg,16
1254.jpg,24
13489.jpg,25
11697.jpg,32
12477.jpg,120
13363.jpg,48
12557.jpg,32
1329.jpg,32
12416.jpg,40
12891.jpg,35
12440.jpg,96
13515.jpg,64
13250.jpg,49
1888.jpg,0
12619.jpg,32
12718.jpg,24
13965.jpg,112
12722.jpg,32
13935.jpg,65
11967.jpg,112
13509.jpg,80
12415.jpg,32
13418.jpg,56
12444.jpg,80
12036.jpg,73
13848.jpg,32
12161.jpg,25
12717.jpg,49
12382.jpg,96
13009.jpg,35
12464.jpg,168
12035.jpg,64
1524.jpg,57
13256.jpg,33
12328.jpg,16
12902.jpg,8
13679.jpg,16
13822.jpg,13
13181.jpg,33
13617.jpg,144
13759.jpg,24
13317.jpg,64
12097.jpg,64
12050.jpg,80
13123.jpg,33
1881.jpg,0
12531.jpg,32
12436.jpg,48
13837.jpg,24
12910.jpg,32
1852.jpg,96
11477.jpg,13
12099.jpg,40
13840.jpg,32
13495.jpg,96
13262.jpg,32
12700.jpg,18
13767.jpg,48
1937.jpg,170
13590.jpg,13
11696.jpg,24
13184.jpg,48
12674.jpg,32
11647.jpg,32
12398.jpg,27
11698.jpg,33
11610.jpg,32
12670.jpg,24
11822.jpg,32
11783.jpg,11
12836.jpg,24
12996.jpg,49
13688.jpg,48
1307.jpg,24
12821.jpg,48
13348.jpg,8
12086.jpg,48
12565.jpg,0
13328.jpg,40
11549.jpg,60
13703.jpg,16
13879.jpg,40
13607.jpg,89
12556.jpg,40
11461.jpg,9
13012.jpg,32
13255.jpg,17
13014.jpg,24
13079.jpg,96
13597.jpg,88
13771.jpg,24
11996.jpg,32
13043.jpg,64
11613.jpg,32
11488.jpg,13
12811.jpg,33
13354.jpg,48
12000.jpg,33
11828.jpg,48
13687.jpg,16
1745.jpg,0
166.jpg,24
13048.jpg,56
13011.jpg,64
13710.jpg,48
13082.jpg,40
1588.jpg,112
13690.jpg,16
12529.jpg,17
13327.jpg,72
11646.jpg,16
12959.jpg,42
12084.jpg,32
12130.jpg,16
12471.jpg,128
13076.jpg,32
1566.jpg,24
13849.jpg,81
13814.jpg,13
13013.jpg,32
1341.jpg,48
12016.jpg,72
13341.jpg,33
11638.jpg,26
11724.jpg,32
13890.jpg,48
12965.jpg,16
13969.jpg,24
12999.jpg,9
13039.jpg,162
12979.jpg,32
13185.jpg,48
13918.jpg,17
116.jpg,37
13929.jpg,24
13335.jpg,40
13510.jpg,96
13608.jpg,89
12468.jpg,216
13037.jpg,176
13026.jpg,64
13794.jpg,32
13183.jpg,48
13781.jpg,24
1559.jpg,33
11738.jpg,17
1825.jpg,72
11710.jpg,16
1939.jpg,72
12507.jpg,49
11813.jpg,73
1255.jpg,13
12509.jpg,97
1563.jpg,49
13938.jpg,48
13655.jpg,32
11467.jpg,24
13030.jpg,24
13504.jpg,48
11642.jpg,32
11794.jpg,49
13813.jpg,48
11486.jpg,13
12096.jpg,48
12822.jpg,80
11727.jpg,17
13916.jpg,8
13020.jpg,24
12949.jpg,17
12055.jpg,72
12158.jpg,28
12008.jpg,49
12842.jpg,12
11725.jpg,16
11819.jpg,32
1602.jpg,40
12554.jpg,26
12684.jpg,34
1244.jpg,24
13605.jpg,64
1908.jpg,49
11702.jpg,24
11801.jpg,16
12388.jpg,25
12801.jpg,24
13696.jpg,26
13860.jpg,32
13670.jpg,16
13566.jpg,40
13405.jpg,64
1037.jpg,9
11888.jpg,16
11885.jpg,13
13146.jpg,9
1606.jpg,49
13880.jpg,64
13408.jpg,216
12057.jpg,56
13909.jpg,25
13832.jpg,48
12681.jpg,48
11472.jpg,16
13308.jpg,24
11487.jpg,16
13345.jpg,18
12155.jpg,32
12019.jpg,32
13533.jpg,144
14022.jpg,41
1914.jpg,64
13927.jpg,32
1305.jpg,80
12480.jpg,48
13430.jpg,16
13857.jpg,96
11797.jpg,33
13717.jpg,16
13610.jpg,120
12954.jpg,48
117.jpg,24
11539.jpg,59
11536.jpg,32
1030.jpg,1
11619.jpg,16
13713.jpg,16
13554.jpg,40
11805.jpg,24
12390.jpg,24
11593.jpg,17
12688.jpg,32
13468.jpg,33
12901.jpg,16
12970.jpg,35
13704.jpg,16
13785.jpg,24
13188.jpg,33
13697.jpg,24
13070.jpg,48
1605.jpg,40
12048.jpg,144
13028.jpg,26
13706.jpg,0
11594.jpg,16
12369.jpg,32
1252.jpg,24
12216.jpg,16
1035.jpg,40
12418.jpg,32
13149.jpg,10
1927.jpg,72
13351.jpg,25
13458.jpg,32
13041.jpg,81
1936.jpg,48
11742.jpg,9
12487.jpg,64
1921.jpg,96
13863.jpg,48
12177.jpg,24
12956.jpg,50
13828.jpg,16
13338.jpg,56
13842.jpg,24
13278.jpg,24
11481.jpg,24
11800.jpg,16
12982.jpg,35
12802.jpg,24
12452.jpg,96
12023.jpg,96
1926.jpg,96
13429.jpg,48
12845.jpg,49
12472.jpg,144
11795.jpg,48
12380.jpg,24
11965.jpg,72
1746.jpg,32
12559.jpg,48
13305.jpg,48
12379.jpg,27
13768.jpg,32
11961.jpg,72
13521.jpg,64
10.jpg,6
13326.jpg,33
12375.jpg,144
11993.jpg,17
12668.jpg,19
13279.jpg,73
12423.jpg,32
11653.jpg,32
1576.jpg,64
11628.jpg,25
11475.jpg,16
12100.jpg,72
12828.jpg,48
13959.jpg,33
13847.jpg,32
12426.jpg,48
1031.jpg,17
12831.jpg,24
12840.jpg,50
11535.jpg,34
11640.jpg,42
13921.jpg,26
1311.jpg,96
13260.jpg,32
12511.jpg,48
13874.jpg,26
12455.jpg,113
13677.jpg,16
13179.jpg,144
1250.jpg,17
13272.jpg,16
12473.jpg,160
13919.jpg,18
1608.jpg,40
12072.jpg,120
12421.jpg,48
11554.jpg,196
13264.jpg,16
1847.jpg,103
11630.jpg,9
12890.jpg,32
13788.jpg,24
12083.jpg,17
12170.jpg,16
13961.jpg,24
12333.jpg,16
13604.jpg,65
11484.jpg,13
11544.jpg,48
12463.jpg,72
1584.jpg,88
13773.jpg,58
13650.jpg,40
11791.jpg,32
11810.jpg,96
13042.jpg,120
12469.jpg,144
13944.jpg,48
11634.jpg,33
12847.jpg,32
13017.jpg,31
12033.jpg,48
13784.jpg,48
13786.jpg,16
12974.jpg,48
13476.jpg,64
11796.jpg,32
12675.jpg,32
1840.jpg,74
1845.jpg,48
12211.jpg,13
13618.jpg,83
12068.jpg,144
12022.jpg,64
13033.jpg,65
13838.jpg,16
11703.jpg,16
11615.jpg,35
1589.jpg,80
12372.jpg,24
13309.jpg,32
13508.jpg,40
11542.jpg,28
11474.jpg,16
13303.jpg,21
12442.jpg,62
13252.jpg,80
13349.jpg,48
11538.jpg,48
13882.jpg,33
11666.jpg,40
13524.jpg,312
1327.jpg,96
122.jpg,16
11777.jpg,16
13621.jpg,0
11623.jpg,20
12137.jpg,40
13651.jpg,32
1923.jpg,112
13831.jpg,24
12028.jpg,68
11898.jpg,25
1920.jpg,33
12031.jpg,48
13050.jpg,49
1595.jpg,72
12007.jpg,35
12983.jpg,25
1640.jpg,8
12508.jpg,33
13516.jpg,144
12454.jpg,120
13414.jpg,41
11826.jpg,48
1036.jpg,16
12895.jpg,17
12377.jpg,64
13356.jpg,56
1879.jpg,0
11902.jpg,32
1339.jpg,8
1336.jpg,72
13792.jpg,36
1837.jpg,128
12486.jpg,48
12806.jpg,24
13793.jpg,16
11655.jpg,16
11809.jpg,49
13432.jpg,24
1594.jpg,80
11892.jpg,24
12682.jpg,24
12909.jpg,32
11893.jpg,32
12911.jpg,73
1930.jpg,26
12710.jpg,32
1324.jpg,40
13147.jpg,24
13876.jpg,48
13835.jpg,16
12412.jpg,89
13024.jpg,32
12163.jpg,19
1882.jpg,0
12005.jpg,48
13846.jpg,103
11596.jpg,16
12402.jpg,24
13841.jpg,112
13485.jpg,0
13292.jpg,18
13526.jpg,96
1303.jpg,24
13344.jpg,24
11662.jpg,80
12449.jpg,81
13506.jpg,97
13001.jpg,64
1894.jpg,0
13237.jpg,24
11495.jpg,25
13269.jpg,24
13044.jpg,51
13549.jpg,24
12693.jpg,25
12705.jpg,32
12499.jpg,34
1039.jpg,49
12506.jpg,56
12020.jpg,51
13031.jpg,50
1325.jpg,41
13700.jpg,9
12095.jpg,96
12466.jpg,128
1938.jpg,64
13563.jpg,24
12399.jpg,64
13678.jpg,24
12955.jpg,32
13766.jpg,0
1601.jpg,32
1321.jpg,26
1317.jpg,24
13352.jpg,49
13470.jpg,72
1907.jpg,33
13818.jpg,48
11637.jpg,17
13924.jpg,50
13365.jpg,48
12089.jpg,49
12439.jpg,41
1316.jpg,17
12172.jpg,17
12034.jpg,48
11534.jpg,54
12512.jpg,72
12532.jpg,48
1857.jpg,80
13150.jpg,33
12569.jpg,11
13090.jpg,27
11541.jpg,33
13672.jpg,18
11648.jpg,16
11627.jpg,16
12897.jpg,32
12888.jpg,16
13836.jpg,24
11973.jpg,12
12127.jpg,32
12082.jpg,32
13659.jpg,56
11883.jpg,16
1029.jpg,3
1247.jpg,13
13908.jpg,3
12824.jpg,32
1890.jpg,0
1853.jpg,120
13529.jpg,48
1862.jpg,81
194.jpg,0
1028.jpg,3
13640.jpg,17
11548.jpg,49
12564.jpg,40
1893.jpg,0
1928.jpg,48
13425.jpg,48
12154.jpg,40
13244.jpg,48
13883.jpg,34
1257.jpg,16
1886.jpg,0
12906.jpg,48
13074.jpg,56
1587.jpg,49
1934.jpg,48
13523.jpg,120
13263.jpg,39
1586.jpg,33
11780.jpg,33
12553.jpg,24
12009.jpg,40
13907.jpg,8
1299.jpg,33
1833.jpg,56
12548.jpg,8
12174.jpg,24
1846.jpg,144
11692.jpg,80
12817.jpg,16
1744.jpg,0
13702.jpg,13
12179.jpg,0
12669.jpg,32
13019.jpg,32
1319.jpg,48
1328.jpg,72
12489.jpg,48
13719.jpg,0
11607.jpg,25
11735.jpg,17
13507.jpg,58
13513.jpg,48
11778.jpg,32
13498.jpg,40
11482.jpg,8
13931.jpg,42
13695.jpg,24
12131.jpg,6
1.jpg,0
13870.jpg,32
13765.jpg,0
13532.jpg,112
12492.jpg,48
13022.jpg,40
1610.jpg,40
13246.jpg,32
12695.jpg,48
13637.jpg,33
13093.jpg,32
1896.jpg,0
13.jpg,16
126.jpg,8
13080.jpg,32
1590.jpg,72
11951.jpg,16
11479.jpg,13
12493.jpg,50
12952.jpg,29
12818.jpg,48
13519.jpg,88
13942.jpg,48
13189.jpg,64
12138.jpg,0
12166.jpg,96
13676.jpg,16
13415.jpg,32
13461.jpg,64
11555.jpg,24
13038.jpg,160
12098.jpg,104
11595.jpg,25
13075.jpg,112
12533.jpg,16
13949.jpg,33
13865.jpg,32
12490.jpg,72
1843.jpg,72
11970.jpg,135
12090.jpg,48
12485.jpg,40
13522.jpg,120
13505.jpg,34
12551.jpg,36
13816.jpg,26
12334.jpg,13
12383.jpg,24
13419.jpg,89
12004.jpg,32
12075.jpg,96
11731.jpg,32
1163.jpg,8
1924.jpg,57
13302.jpg,16
13654.jpg,32
13018.jpg,40
13945.jpg,80
11537.jpg,32
12667.jpg,40
12386.jpg,32
13503.jpg,65
18.jpg,24
12481.jpg,48
11708.jpg,8
13099.jpg,32
13797.jpg,16
13484.jpg,72
11814.jpg,73
12447.jpg,80
12393.jpg,80
13170.jpg,0
13855.jpg,48
13311.jpg,80
13249.jpg,24
13194.jpg,0
13334.jpg,32
13716.jpg,24
12558.jpg,35
13609.jpg,80
13845.jpg,64
13355.jpg,56
13091.jpg,55
13895.jpg,17
13480.jpg,96
11829.jpg,33
1639.jpg,48
11749.jpg,16
13460.jpg,48
13313.jpg,88
13968.jpg,24
13762.jpg,48
1830.jpg,57
11734.jpg,24
13715.jpg,48
12162.jpg,48
11635.jpg,23
13337.jpg,56
1854.jpg,169
1258.jpg,8
12458.jpg,80
1575.jpg,105
1251.jpg,4
13325.jpg,32
13875.jpg,49
1919.jpg,32
1916.jpg,24
12435.jpg,48
13693.jpg,24
12373.jpg,16
13511.jpg,49
13698.jpg,48
1338.jpg,0
1261.jpg,8
12694.jpg,121
12437.jpg,50
13500.jpg,48
12964.jpg,32
1561.jpg,16
12690.jpg,32
13639.jpg,49
13853.jpg,48
13514.jpg,56
13089.jpg,48
12368.jpg,16
1817.jpg,26
12376.jpg,56
12378.jpg,49
1310.jpg,97
12061.jpg,80
13603.jpg,73
12431.jpg,48
13928.jpg,48
13778.jpg,48
1850.jpg,72
11812.jpg,24
11694.jpg,24
12071.jpg,128
12103.jpg,26
12998.jpg,33
13888.jpg,24
12413.jpg,64
12491.jpg,55
11960.jpg,64
12678.jpg,33
12391.jpg,49
13431.jpg,40
13893.jpg,48
12501.jpg,33
13353.jpg,32
13347.jpg,50
12003.jpg,32
12070.jpg,122
13634.jpg,80
13478.jpg,168
12443.jpg,80
12101.jpg,48
1234.jpg,13
13406.jpg,24
12608.jpg,8
1309.jpg,24
11622.jpg,32
13182.jpg,96
13601.jpg,56
13280.jpg,24
12896.jpg,24
1839.jpg,80
13095.jpg,48
13950.jpg,46
13868.jpg,32
12424.jpg,40
12526.jpg,8
13410.jpg,48
12894.jpg,16
12026.jpg,32
12030.jpg,48
11551.jpg,50
11789.jpg,29
12958.jpg,24
1597.jpg,34
12446.jpg,96
12400.jpg,40
11693.jpg,16
12433.jpg,32
12503.jpg,49
13270.jpg,34
13282.jpg,32
13611.jpg,96
13662.jpg,48
1918.jpg,193
12505.jpg,40
12692.jpg,32
12074.jpg,96
12715.jpg,48
1414.jpg,3
1915.jpg,33
13891.jpg,48
12555.jpg,32
1034.jpg,16
13157.jpg,33
13034.jpg,130
1332.jpg,73
11636.jpg,16
127.jpg,32
12021.jpg,48
11.jpg,3
11494.jpg,8
13825.jpg,16
13896.jpg,0
13664.jpg,8
13339.jpg,80
12087.jpg,48
12604.jpg,16
13761.jpg,25
13023.jpg,102
11626.jpg,25
1600.jpg,35
12951.jpg,33
11466.jpg,24
13644.jpg,34
12445.jpg,72
11743.jpg,0
1922.jpg,104
13015.jpg,32
1318.jpg,32
11618.jpg,32
11798.jpg,24
12367.jpg,16
13795.jpg,97
13342.jpg,16
17.jpg,8
13329.jpg,64
11705.jpg,34
11807.jpg,17
13195.jpg,0
1032.jpg,17
13653.jpg,24
1246.jpg,24
11963.jpg,224
1342.jpg,24
13196.jpg,0
13350.jpg,32
1557.jpg,64
12392.jpg,26
1824.jpg,13
12602.jpg,24
12807.jpg,17
13472.jpg,80
13691.jpg,32
1511.jpg,24
12528.jpg,16
11958.jpg,48
13186.jpg,50
12.jpg,2
13684.jpg,24
12441.jpg,96
13925.jpg,16
1313.jpg,32
13958.jpg,64
1582.jpg,40
11811.jpg,24
1264.jpg,12
1530.jpg,48
13936.jpg,32
11886.jpg,32
12502.jpg,51
1569.jpg,16
13527.jpg,168
13747.jpg,40
12900.jpg,16
1558.jpg,113
12064.jpg,120
13943.jpg,40
11700.jpg,12
1932.jpg,80
12428.jpg,33
12495.jpg,48
13850.jpg,49
1829.jpg,64
11971.jpg,120
13361.jpg,48
129.jpg,8
12838.jpg,24
12453.jpg,112
12561.jpg,10
13045.jpg,129
12504.jpg,40
12483.jpg,32
11957.jpg,9
13251.jpg,40
13473.jpg,56
12059.jpg,72
13085.jpg,32
12673.jpg,26
11704.jpg,19
12968.jpg,17
13914.jpg,16
13627.jpg,24
13006.jpg,16
12397.jpg,49
13955.jpg,120
13101.jpg,48
13705.jpg,8
12107.jpg,64
12066.jpg,112
13253.jpg,35
13760.jpg,48
13933.jpg,64
13088.jpg,32
13547.jpg,25
1891.jpg,0
11784.jpg,32
12014.jpg,49
1577.jpg,85
12563.jpg,264
1302.jpg,24
13005.jpg,22
11657.jpg,16
12176.jpg,24
13602.jpg,64
12482.jpg,48
1573.jpg,0
12966.jpg,8
11962.jpg,8
11665.jpg,73
12475.jpg,242
13550.jpg,48
1521.jpg,65
14000.jpg,16
13412.jpg,56
13656.jpg,56
13497.jpg,32
13598.jpg,40
12981.jpg,24
12709.jpg,34
12465.jpg,144
11691.jpg,80
13689.jpg,24
13692.jpg,16
13190.jpg,57
125.jpg,16
13559.jpg,56
13645.jpg,48
12816.jpg,17
12335.jpg,16
13657.jpg,49
13413.jpg,41
12975.jpg,32
11614.jpg,32
13711.jpg,24
12498.jpg,64
11485.jpg,13
13098.jpg,96
12677.jpg,49
16.jpg,16
1831.jpg,48
13426.jpg,48
11818.jpg,32
1226.jpg,16
12157.jpg,32
13100.jpg,104
12701.jpg,40
13869.jpg,64
11787.jpg,55
12456.jpg,64
11543.jpg,40
13330.jpg,64
11624.jpg,24
1827.jpg,42
12327.jpg,32
1859.jpg,80
13774.jpg,32
13881.jpg,32
13622.jpg,0
12178.jpg,33
11609.jpg,17
12810.jpg,16
13320.jpg,80
11709.jpg,96
11825.jpg,24
13046.jpg,73
11664.jpg,128
13632.jpg,48
1239.jpg,16
11480.jpg,13
13466.jpg,40
12986.jpg,24
11732.jpg,38
12621.jpg,33
13362.jpg,48
13025.jpg,25
11478.jpg,13
12696.jpg,32
12969.jpg,13
12133.jpg,24
13940.jpg,41
1330.jpg,32
11804.jpg,32
12535.jpg,8
13422.jpg,64
13332.jpg,6
13156.jpg,24
13531.jpg,193
13346.jpg,24
13930.jpg,33
11652.jpg,97
12429.jpg,34
1887.jpg,0
1256.jpg,13
13867.jpg,65
12849.jpg,9
1599.jpg,49
13502.jpg,32
11786.jpg,81
11617.jpg,48
13409.jpg,64
13934.jpg,35
13624.jpg,40
12331.jpg,24
13864.jpg,80
12474.jpg,96
13552.jpg,40
13887.jpg,25
13686.jpg,32
13772.jpg,17
12683.jpg,64
12819.jpg,24
12062.jpg,264
13518.jpg,48
13826.jpg,32
13631.jpg,56
12514.jpg,16
12566.jpg,6
12680.jpg,33
11997.jpg,48
13558.jpg,48
13343.jpg,17
11658.jpg,16
11701.jpg,33
11608.jpg,32
1578.jpg,65
12572.jpg,64
13673.jpg,16
12006.jpg,48
12450.jpg,72
11726.jpg,25
12805.jpg,48
13675.jpg,16
11730.jpg,34
12067.jpg,72
13459.jpg,99
1820.jpg,32
13636.jpg,80
1581.jpg,41
11611.jpg,32
12686.jpg,32
12908.jpg,48
13077.jpg,56
13333.jpg,6
12241.jpg,13
13932.jpg,60
13261.jpg,24
13666.jpg,32
13681.jpg,48
13187.jpg,24
13646.jpg,34
12414.jpg,24
12600.jpg,80
1512.jpg,32
19.jpg,8
11793.jpg,32
12092.jpg,48
13779.jpg,24
12396.jpg,48
12139.jpg,40
11471.jpg,3
13718.jpg,16
13464.jpg,97
12510.jpg,49
13420.jpg,128
1304.jpg,56
12125.jpg,72
12484.jpg,49
13040.jpg,48
1858.jpg,128
1529.jpg,16
13596.jpg,64
12562.jpg,50
11896.jpg,72
100.jpg,16
13952.jpg,64
13239.jpg,29
12401.jpg,120
11827.jpg,48
13528.jpg,168
1413.jpg,2
12079.jpg,24
13273.jpg,24
12825.jpg,49
13851.jpg,49
12519.jpg,13
11895.jpg,32
11741.jpg,24
13257.jpg,21
11968.jpg,256
12957.jpg,49
11667.jpg,24
13661.jpg,49
12960.jpg,16
13858.jpg,72
1260.jpg,33
14.jpg,16
11808.jpg,24
1042.jpg,24
1815.jpg,48
13667.jpg,16
1933.jpg,40
13824.jpg,24
12814.jpg,17
13471.jpg,56
13633.jpg,58
1895.jpg,0
13790.jpg,56
1814.jpg,40
13843.jpg,48
1851.jpg,72
13027.jpg,18
1033.jpg,4
1826.jpg,48
1861.jpg,81
11897.jpg,51
1027.jpg,5
11656.jpg,17
12164.jpg,48
12171.jpg,33
12124.jpg,16
124.jpg,17
12479.jpg,72
12687.jpg,32
11820.jpg,96
13878.jpg,33
12711.jpg,41
13682.jpg,16
12478.jpg,72
13462.jpg,32
13758.jpg,24
13548.jpg,40
15.jpg,24
12997.jpg,16
11900.jpg,32
1603.jpg,32
12032.jpg,40
13685.jpg,24
12827.jpg,64
13047.jpg,113
13036.jpg,74
13861.jpg,16
12419.jpg,48
120.jpg,25
13000.jpg,32
1531.jpg,48
11972.jpg,49
11953.jpg,9
11654.jpg,42
12025.jpg,64
12808.jpg,24
1823.jpg,13
12985.jpg,25
12977.jpg,40
12513.jpg,48
11545.jpg,33
12451.jpg,81
1892.jpg,0
12010.jpg,32
12051.jpg,48
1025.jpg,48
12976.jpg,32
11816.jpg,32
1836.jpg,40
1822.jpg,24
13092.jpg,48
12063.jpg,120
13817.jpg,24
13561.jpg,72
13570.jpg,13
1940.jpg,128
12060.jpg,96
13007.jpg,29
12713.jpg,35
1262.jpg,8
1841.jpg,72
13615.jpg,64
12887.jpg,80
1592.jpg,72
11489.jpg,16
11899.jpg,64
11533.jpg,11
12702.jpg,58
13683.jpg,24
13852.jpg,64
12804.jpg,49
13815.jpg,4
11473.jpg,16
11660.jpg,16
13087.jpg,48
13635.jpg,37
12156.jpg,16
13886.jpg,24
12973.jpg,13
13780.jpg,32
13557.jpg,32
13648.jpg,40
12053.jpg,48
12165.jpg,58
13956.jpg,32
12384.jpg,48
12603.jpg,32
12080.jpg,24
11792.jpg,18
118.jpg,33
12963.jpg,10
11998.jpg,16
12385.jpg,24
13638.jpg,32
12885.jpg,32
11540.jpg,33
12018.jpg,65
12892.jpg,50
12029.jpg,48
12076.jpg,80
13083.jpg,32
13948.jpg,41
11891.jpg,16
13606.jpg,64
12980.jpg,16
1842.jpg,48
13872.jpg,33
13647.jpg,34
11491.jpg,16
12496.jpg,48
1038.jpg,24
12719.jpg,48
1884.jpg,0
13917.jpg,33
13871.jpg,64
13084.jpg,80
1860.jpg,72
12102.jpg,8
13889.jpg,48
1598.jpg,64
13029.jpg,25
11740.jpg,24
11994.jpg,32
12832.jpg,33
13712.jpg,8
12953.jpg,32
11959.jpg,120
13796.jpg,8
12332.jpg,13
12093.jpg,49
13241.jpg,17
13625.jpg,24
13962.jpg,25
13035.jpg,48
13534.jpg,0
11711.jpg,39
13649.jpg,32
13357.jpg,32
12826.jpg,32
12094.jpg,48
12823.jpg,32
13002.jpg,80
13763.jpg,24
13479.jpg,120
11649.jpg,16
1522.jpg,32
11739.jpg,24
12024.jpg,65
12175.jpg,8
11552.jpg,49
13859.jpg,96
12903.jpg,16
12691.jpg,73
12054.jpg,56
12552.jpg,32
13951.jpg,48
11606.jpg,8
13411.jpg,65
12488.jpg,48
13789.jpg,32
11823.jpg,32
13960.jpg,34
11894.jpg,32
13668.jpg,32
11779.jpg,19
1323.jpg,16
13423.jpg,56
13694.jpg,48
11790.jpg,37
