1047.jpg,16
1717.jpg,8
164.jpg,0
1094.jpg,16
1795.jpg,0
1040.jpg,3
174.jpg,0
1014.jpg,24
1723.jpg,16
1668.jpg,0
1731.jpg,8
162.jpg,0
135.jpg,5
1500.jpg,0
1517.jpg,32
10060.jpg,0
1058.jpg,2
115.jpg,24
1104.jpg,0
1780.jpg,0
1565.jpg,40
10068.jpg,24
10024.jpg,16
1502.jpg,0
1004.jpg,0
1776.jpg,0
10059.jpg,0
1532.jpg,49
1789.jpg,0
1580.jpg,96
1715.jpg,16
10073.jpg,0
10028.jpg,13
1753.jpg,17
1492.jpg,0
1730.jpg,4
1755.jpg,24
1026.jpg,25
1070.jpg,32
1659.jpg,0
10033.jpg,13
10078.jpg,0
1585.jpg,65
1574.jpg,160
1022.jpg,16
1562.jpg,16
1044.jpg,18
1782.jpg,0
1060.jpg,0
1049.jpg,16
1722.jpg,24
190.jpg,0
1553.jpg,0
1701.jpg,0
1119.jpg,0
1526.jpg,32
10063.jpg,32
1548.jpg,0
1741.jpg,33
121.jpg,32
1513.jpg,16
10053.jpg,24
1571.jpg,0
1017.jpg,34
1572.jpg,0
10021.jpg,4
1736.jpg,16
1506.jpg,0
1712.jpg,0
1073.jpg,24
1686.jpg,0
1583.jpg,50
1748.jpg,0
1084.jpg,0
1693.jpg,0
1798.jpg,0
10075.jpg,0
132.jpg,35
1579.jpg,80
119.jpg,48
10077.jpg,0
10076.jpg,0
1764.jpg,3
1064.jpg,26
1102.jpg,0
1062.jpg,13
10054.jpg,8
105.jpg,8
1695.jpg,0
128.jpg,32
10069.jpg,65
183.jpg,0
1754.jpg,4
10027.jpg,24
159.jpg,0
1756.jpg,5
1781.jpg,0
1527.jpg,32
10047.jpg,25
1095.jpg,72
1720.jpg,2
1519.jpg,56
1137.jpg,0
178.jpg,0
1041.jpg,39
193.jpg,0
1769.jpg,0
1739.jpg,10
1052.jpg,0
10036.jpg,0
1758.jpg,24
10066.jpg,64
1110.jpg,0
10051.jpg,32
1524.jpg,57
1504.jpg,0
1768.jpg,0
1684.jpg,0
1766.jpg,8
10031.jpg,4
179.jpg,0
150.jpg,0
10056.jpg,0
1535.jpg,8
10041.jpg,0
10046.jpg,48
1738.jpg,24
1724.jpg,3
10045.jpg,24
1510.jpg,8
1126.jpg,0
1008.jpg,0
1709.jpg,8
10062.jpg,0
1106.jpg,0
186.jpg,0
1745.jpg,0
166.jpg,24
1072.jpg,16
1112.jpg,0
1059.jpg,0
1790.jpg,0
1566.jpg,24
116.jpg,37
1740.jpg,16
163.jpg,0
1702.jpg,0
1559.jpg,33
10016.jpg,0
10037.jpg,0
1563.jpg,49
1135.jpg,0
1703.jpg,0
1010.jpg,9
1545.jpg,0
10035.jpg,0
1719.jpg,8
1784.jpg,0
1128.jpg,0
1069.jpg,32
1037.jpg,9
1794.jpg,0
1567.jpg,0
1000.jpg,0
1509.jpg,10
1093.jpg,48
10039.jpg,0
1118.jpg,0
165.jpg,0
1012.jpg,48
182.jpg,0
117.jpg,24
191.jpg,0
1538.jpg,0
1030.jpg,1
107.jpg,8
1132.jpg,0
176.jpg,0
1802.jpg,0
1770.jpg,0
10050.jpg,26
153.jpg,0
101.jpg,16
114.jpg,16
10049.jpg,16
1035.jpg,40
104.jpg,9
136.jpg,0
140.jpg,0
1759.jpg,8
144.jpg,0
10003.jpg,48
1746.jpg,32
133.jpg,33
1747.jpg,0
10.jpg,6
1752.jpg,48
1576.jpg,64
1055.jpg,10
1666.jpg,0
10026.jpg,24
1031.jpg,17
106.jpg,16
1742.jpg,32
10048.jpg,32
1700.jpg,0
10013.jpg,0
1537.jpg,0
142.jpg,0
1796.jpg,0
1729.jpg,16
10004.jpg,72
1584.jpg,88
1067.jpg,32
1013.jpg,16
1664.jpg,0
1098.jpg,24
1761.jpg,10
1555.jpg,48
1775.jpg,0
1111.jpg,0
1697.jpg,0
1743.jpg,16
10020.jpg,0
122.jpg,16
1019.jpg,16
1046.jpg,8
154.jpg,0
1711.jpg,9
1036.jpg,16
1763.jpg,4
1078.jpg,16
1054.jpg,9
160.jpg,0
1503.jpg,0
175.jpg,0
141.jpg,0
10012.jpg,0
110.jpg,16
1806.jpg,0
1520.jpg,16
1498.jpg,0
1039.jpg,49
1088.jpg,0
180.jpg,0
1007.jpg,0
192.jpg,0
10072.jpg,0
1721.jpg,3
1063.jpg,8
1779.jpg,0
1726.jpg,17
1029.jpg,3
194.jpg,0
1028.jpg,3
1771.jpg,0
1671.jpg,0
1087.jpg,0
1587.jpg,49
1586.jpg,33
1534.jpg,32
1101.jpg,40
161.jpg,0
1689.jpg,0
1523.jpg,24
143.jpg,0
1744.jpg,0
1092.jpg,32
1115.jpg,32
1009.jpg,0
1787.jpg,0
1683.jpg,0
1003.jpg,0
1071.jpg,16
1725.jpg,8
1497.jpg,0
1.jpg,0
10057.jpg,0
111.jpg,24
13.jpg,16
1767.jpg,16
126.jpg,8
10058.jpg,0
155.jpg,0
189.jpg,0
1080.jpg,8
1692.jpg,0
1774.jpg,0
1051.jpg,25
1687.jpg,0
10034.jpg,0
1791.jpg,0
1116.jpg,4
1676.jpg,0
1016.jpg,34
1737.jpg,8
1495.jpg,0
1803.jpg,0
1114.jpg,0
10018.jpg,0
1707.jpg,0
1107.jpg,0
18.jpg,24
1081.jpg,8
10064.jpg,40
134.jpg,25
1516.jpg,17
1705.jpg,0
1048.jpg,16
10070.jpg,32
1575.jpg,105
1554.jpg,0
112.jpg,18
1804.jpg,0
10002.jpg,72
171.jpg,0
1043.jpg,8
10067.jpg,33
1547.jpg,0
1561.jpg,16
1560.jpg,24
1708.jpg,0
10055.jpg,13
1525.jpg,58
1129.jpg,0
1681.jpg,0
1690.jpg,0
139.jpg,0
1660.jpg,0
1667.jpg,0
1750.jpg,13
1515.jpg,58
170.jpg,0
1544.jpg,0
1121.jpg,0
1122.jpg,0
1015.jpg,16
181.jpg,0
1568.jpg,9
1760.jpg,9
188.jpg,0
1034.jpg,16
127.jpg,32
1549.jpg,0
11.jpg,3
1508.jpg,2
1065.jpg,32
1734.jpg,3
1533.jpg,28
1066.jpg,16
10061.jpg,0
108.jpg,6
184.jpg,0
17.jpg,8
1032.jpg,17
1557.jpg,64
1511.jpg,24
1045.jpg,7
1727.jpg,17
10009.jpg,0
12.jpg,2
1494.jpg,0
1582.jpg,40
1530.jpg,48
1691.jpg,0
1569.jpg,16
1558.jpg,113
1728.jpg,16
129.jpg,8
1023.jpg,17
1542.jpg,0
1772.jpg,0
1670.jpg,0
1085.jpg,0
1068.jpg,28
173.jpg,0
1507.jpg,0
1577.jpg,85
1573.jpg,0
1521.jpg,65
1514.jpg,13
1113.jpg,0
149.jpg,0
169.jpg,0
1706.jpg,0
10074.jpg,0
125.jpg,16
1076.jpg,13
16.jpg,16
1698.jpg,0
1020.jpg,16
10010.jpg,0
1053.jpg,8
113.jpg,16
10040.jpg,0
102.jpg,7
1099.jpg,64
1751.jpg,13
1090.jpg,144
103.jpg,32
1011.jpg,0
156.jpg,0
1749.jpg,0
1061.jpg,9
1765.jpg,16
1785.jpg,0
1678.jpg,0
10065.jpg,32
10029.jpg,13
1091.jpg,32
1704.jpg,0
1108.jpg,0
1074.jpg,16
1075.jpg,8
1797.jpg,0
187.jpg,0
1713.jpg,33
1694.jpg,0
1109.jpg,0
1679.jpg,0
1546.jpg,0
1673.jpg,0
1556.jpg,0
1540.jpg,0
1578.jpg,65
1056.jpg,25
1021.jpg,32
1552.jpg,0
10032.jpg,16
1581.jpg,41
1083.jpg,8
10038.jpg,0
1518.jpg,32
1662.jpg,0
1512.jpg,32
109.jpg,13
19.jpg,8
1543.jpg,0
1529.jpg,16
1773.jpg,0
10001.jpg,72
100.jpg,16
1762.jpg,3
1539.jpg,0
1005.jpg,0
14.jpg,16
1042.jpg,24
1033.jpg,4
1027.jpg,5
124.jpg,17
1682.jpg,0
148.jpg,0
1735.jpg,3
147.jpg,0
10044.jpg,16
1710.jpg,8
1777.jpg,0
157.jpg,0
15.jpg,24
1089.jpg,0
120.jpg,25
1531.jpg,48
1733.jpg,8
1018.jpg,32
1677.jpg,0
1025.jpg,48
168.jpg,0
137.jpg,0
1105.jpg,0
1490.jpg,0
158.jpg,0
185.jpg,0
1696.jpg,0
1716.jpg,2
1086.jpg,0
1799.jpg,0
1536.jpg,16
172.jpg,0
118.jpg,33
146.jpg,0
1001.jpg,0
1788.jpg,0
1499.jpg,0
152.jpg,0
1038.jpg,24
131.jpg,16
1120.jpg,0
177.jpg,0
1699.jpg,0
1783.jpg,0
1024.jpg,8
1541.jpg,0
1570.jpg,48
1096.jpg,104
1501.jpg,0
1082.jpg,17
145.jpg,0
1522.jpg,32
1778.jpg,0
1665.jpg,0
10023.jpg,13
1669.jpg,0
1732.jpg,3
10007.jpg,0
1674.jpg,0
1550.jpg,0
1097.jpg,0
1688.jpg,0
1564.jpg,24
151.jpg,0
1103.jpg,0
1002.jpg,0
10052.jpg,0
1757.jpg,25
1805.jpg,0
1661.jpg,0
1800.jpg,0
1793.jpg,0
123.jpg,8
1718.jpg,4
1528.jpg,13
1663.jpg,0
10042.jpg,13
1714.jpg,4
10000.jpg,56
1496.jpg,0
1801.jpg,0
10030.jpg,16
10015.jpg,0
1124.jpg,0
1675.jpg,0
167.jpg,0
1551.jpg,0
10071.jpg,0
1672.jpg,0
1057.jpg,6
130.jpg,8
1685.jpg,0
1006.jpg,0
1792.jpg,0
138.jpg,0
1125.jpg,0
1680.jpg,0
1786.jpg,0
1100.jpg,48
1505.jpg,0
1079.jpg,16
1050.jpg,0
1123.jpg,0
1077.jpg,10
10043.jpg,0
1117.jpg,0
